{
    "navigationFallback": {
        "rewrite": "/index.html",
        "exclude": [
            "/assets/*",
            "/*.js",
            "/*.css",
            "/*.svg",
            "/*.json",
            "/*.ico"
        ]
    },
    "routes": [
        {
            "route": "/assets/*",
            "headers": {
                "Cache-Control": "public, max-age=31536000, immutable"
            }
        },
        {
            "route": "/*.js",
            "headers": {
                "Cache-Control": "public, max-age=3600"
            }
        },
        {
            "route": "/api/*",
            "allowedRoles": [
                "authenticated"
            ]
        }
    ],
    "globalHeaders": {
        "X-Frame-Options": "DENY",
        "X-Content-Type-Options": "nosniff",
        "X-XSS-Protection": "1; mode=block",
        "Referrer-Policy": "strict-origin-when-cross-origin",
        "Permissions-Policy": "camera=(), microphone=(), geolocation=()"
    },
    "mimeTypes": {
        ".json": "application/json",
        ".woff2": "font/woff2",
        ".woff": "font/woff"
    }
}